{
  "properties": [
    {
      "name": "b2m.error.basenames",
      "defaultValue": "messages/errors"
    },
    {
      "name": "b2m.error.locale",
      "defaultValue": "EN"
    },
    {
      "name": "b2m.masking",
      "defaultValue": "default=true"
    }
  ],
  "hints": [
    {
      "name": "b2m.masking.keys",
      "values": [
        {
          "value": "default",
          "description": "Used to turn masking on or off"
        },
        {
          "value": "other",
          "description": "Turn on or off the masking for the provided masking key"
        }
      ]
    }
  ]
}