<?xml version="1.0" encoding="UTF-8"?>
<Configuration status="WARN" packages="com.ibm.build2manage.logging.log4j">
    <Properties>
        <!-- Replace the pattern for the following line to merge exception in one line -->
        <!-- %d{yyyy-MM-dd HH:mm:ss.SSSZZZ} %-36X{session} %15.15spring{.application.name}:%-25.25logger{1} %-5X{employee} %-5X{customer} [%-5p] %replace{%m}{\n}{ }%ex{full,separator( )}%n -->
        <Property name="pattern">%d{yyyy-MM-dd HH:mm:ss.SSSZZZ} %15.15spring{.application.name}:%-25.25logger{1} [%-5p] %.1024X - %replace{%.1024m}{\n}{ }%n</Property>
    </Properties>
    <Appenders>
        <Console name="Out" target="SYSTEM_OUT">
            <PatternLayout pattern="${pattern}"/>
        </Console>
        <SystemPropertyArbiter propertyName="logging.file">
            <RollingFile name="File" fileName="${sys:logging.file}" filePattern="${sys:logging.file}.%i">
                <PatternLayout>
                    <Pattern>${pattern}</Pattern>
                </PatternLayout>
                <Policies>
                    <SizeBasedTriggeringPolicy size="10MB"/>
                </Policies>
                <!-- Max 10 files -->
                <DefaultRolloverStrategy max="10"/>
            </RollingFile>
        </SystemPropertyArbiter>
        <!-- The next portion is specific to TD -->
        <!--        <SystemPropertyArbiter propertyName="logging.datadog.apiKey">-->
        <!--            <Socket name="DataDog" host="${sys:logging.datadog.hostname}" port="${sys:logging.datadog.port}">-->
        <!--                <ModifiedLayout>-->
        <!--                    <Formatted format="${sys:logging.datadog.apiKey} %s\n"/>-->
        <!--                    <JsonLayout properties="true" compact="true">-->
        <!--                        <KeyValuePair key="hostname" value="${env:HOSTNAME}"/>-->
        <!--                        <KeyValuePair key="service" value="${env:APPLICATION}"/>-->
        <!--                        &lt;!&ndash;                        <KeyValuePair key="format" value="${env:APPLICATION}"/>&ndash;&gt;-->
        <!--                        <KeyValuePair key="instance" value="${env:HOSTNAME}"/>-->
        <!--                        <KeyValuePair key="lob" value="usts"/>-->
        <!--                        <KeyValuePair key="malcode" value="gwiro"/>-->
        <!--                        <KeyValuePair key="region" value="centralus"/>-->
        <!--                        <KeyValuePair key="resourceGroup" value="base-centralus-ase"/>-->
        <!--                        <KeyValuePair key="subscription" value="d4001"/>-->
        <!--                    </JsonLayout>-->
        <!--                </ModifiedLayout>-->
        <!--            </Socket>-->
        <!--        </SystemPropertyArbiter>-->
        <!-- Done TD specific -->
    </Appenders>
    <Loggers>
        <Root level="info">
            <AppenderRef ref="Out"/>
            <SystemPropertyArbiter propertyName="logging.file">
                <AppenderRef ref="File"/>
            </SystemPropertyArbiter>
            <!--            <SystemPropertyArbiter propertyName="logging.datadog.apiKey">-->
            <!--                <AppenderRef ref="DataDog"/>-->
            <!--            </SystemPropertyArbiter>-->
        </Root>
    </Loggers>
</Configuration>